,도시,극장,시작시간,종료시간,상영타입,상영관,잔여좌석,전체좌석
0,서울,강남,09:00,~10:58,2D(자막),강남르 리클라이너 1관,105,116
1,서울,강남,09:35,~11:33,2D(자막),강남르 리클라이너 3관,92,116
2,서울,강남,10:45,~12:43,2D(더빙),강남르 리클라이너 4관,16,53
3,서울,강남,11:20,~13:18,2D(자막),강남르 리클라이너 1관,68,116
4,서울,강남,11:50,~13:48,2D(자막),강남르 리클라이너 3관,78,116
5,서울,강남,12:30,~14:28,2D(자막),강남르 리클라이너 6관[Laser],32,56
6,서울,강남,13:10,~15:08,2D(자막),강남르 리클라이너 4관,21,53
7,서울,강남,13:40,~15:38,2D(자막),강남르 리클라이너 1관,36,116
8,서울,강남,14:10,~16:08,2D(자막),강남르 리클라이너 3관,32,116
9,서울,강남,14:50,~16:48,2D(자막),강남르 리클라이너 6관[Laser],14,56
10,서울,강남,15:25,~17:23,2D(자막),강남르 리클라이너 4관,8,53
11,서울,강남,16:00,~17:58,2D(자막),강남르 리클라이너 1관,31,116
12,서울,강남,16:30,~18:28,2D(자막),강남르 리클라이너 3관,40,116
13,서울,강남,17:10,~19:08,2D(자막),강남르 리클라이너 6관[Laser],32,56
14,서울,강남,17:45,~19:43,2D(자막),강남르 리클라이너 4관,23,53
15,서울,강남,18:20,~20:18,2D(자막),강남르 리클라이너 1관,47,116
16,서울,강남,18:50,~20:48,2D(자막),강남르 리클라이너 3관,63,116
17,서울,강남,19:30,~21:28,2D(자막),강남르 리클라이너 6관[Laser],32,56
18,서울,강남,20:05,~22:03,2D(자막),강남르 리클라이너 4관,18,53
19,서울,강남,20:40,~22:38,2D(자막),강남르 리클라이너 1관,82,116
20,서울,강남,21:10,~23:08,2D(자막),강남르 리클라이너 3관,98,116
21,서울,강남,21:50,~23:48,2D(자막),강남르 리클라이너 6관[Laser],54,56
22,서울,강남,22:25,~24:23,2D(자막),강남르 리클라이너 4관,51,53
23,서울,강남,23:00,~24:58,2D(자막),강남르 리클라이너 1관,113,116
24,서울,강남,23:30,~25:28,2D(자막),강남르 리클라이너 3관,114,116
25,서울,강동,09:50,~11:48,2D(자막),강동4관,247,249
26,서울,강동,11:00,~12:58,2D(자막),강동2관,246,249
27,서울,강동,11:50,~13:48,2D(더빙),강동3관,245,249
28,서울,강동,12:05,~14:03,2D(자막),강동4관,246,249
29,서울,강동,13:15,~15:13,2D(자막),강동2관,249,249
30,서울,강동,14:20,~16:18,2D(자막),강동4관,247,249
31,서울,강동,15:30,~17:28,2D(자막),강동2관,242,249
32,서울,강동,16:25,~18:23,2D(더빙),강동3관,242,249
33,서울,강동,16:35,~18:33,2D(자막),강동4관,247,249
34,서울,강동,17:45,~19:43,2D(자막),강동2관,249,249
35,서울,강동,18:50,~20:48,2D(자막),강동4관,247,249
36,서울,강동,20:00,~21:58,2D(자막),강동2관,249,249
37,서울,강동,21:05,~23:03,2D(자막),강동4관,249,249
38,서울,구의이스트폴,08:00,~09:58,2D(자막),구의이스트폴MEGA | LED 3관,161,176
39,서울,구의이스트폴,08:40,~10:38,2D(자막),구의이스트폴르 리클라이너 2관[Laser],79,85
40,서울,구의이스트폴,09:20,~11:18,2D(자막),구의이스트폴르 리클라이너 8관[Laser],58,62
41,서울,구의이스트폴,09:50,~11:48,2D(자막),구의이스트폴르 리클라이너 7관[Laser],38,51
42,서울,구의이스트폴,10:20,~12:18,2D(더빙),구의이스트폴MEGA | LED 3관,120,176
43,서울,구의이스트폴,11:00,~12:58,2D(자막),구의이스트폴르 리클라이너 2관[Laser],62,85
44,서울,구의이스트폴,11:30,~13:28,2D ATMOS(자막),구의이스트폴DOLBY VISION+ATMOS,137,145
45,서울,구의이스트폴,11:50,~13:48,2D(더빙),구의이스트폴르 리클라이너 8관[Laser],40,62
46,서울,구의이스트폴,12:10,~14:08,2D(자막),구의이스트폴르 리클라이너 7관[Laser],39,51
47,서울,구의이스트폴,12:40,~14:38,2D(더빙),구의이스트폴MEGA | LED 3관,139,176
48,서울,구의이스트폴,13:20,~15:18,2D(자막),구의이스트폴르 리클라이너 2관[Laser],42,85
49,서울,구의이스트폴,13:50,~15:48,2D ATMOS(자막),구의이스트폴DOLBY VISION+ATMOS,116,145
50,서울,구의이스트폴,14:10,~16:08,2D(더빙),구의이스트폴르 리클라이너 8관[Laser],30,62
51,서울,구의이스트폴,14:30,~16:28,2D(자막),구의이스트폴르 리클라이너 7관[Laser],24,51
52,서울,구의이스트폴,15:00,~16:58,2D(더빙),구의이스트폴MEGA | LED 3관,92,176
53,서울,구의이스트폴,15:40,~17:38,2D(자막),구의이스트폴르 리클라이너 2관[Laser],34,85
54,서울,구의이스트폴,16:10,~18:08,2D ATMOS(자막),구의이스트폴DOLBY VISION+ATMOS,97,145
55,서울,구의이스트폴,16:50,~18:48,2D(자막),구의이스트폴르 리클라이너 7관[Laser],24,51
56,서울,구의이스트폴,17:20,~19:18,2D(자막),구의이스트폴MEGA | LED 3관,95,176
57,서울,구의이스트폴,18:00,~19:58,2D(자막),구의이스트폴르 리클라이너 2관[Laser],64,85
58,서울,구의이스트폴,18:30,~20:28,2D ATMOS(자막),구의이스트폴DOLBY VISION+ATMOS,138,145
59,서울,구의이스트폴,19:10,~21:08,2D(자막),구의이스트폴르 리클라이너 7관[Laser],34,51
60,서울,구의이스트폴,19:40,~21:38,2D(자막),구의이스트폴MEGA | LED 3관,132,176
61,서울,구의이스트폴,20:20,~22:18,2D(자막),구의이스트폴르 리클라이너 2관[Laser],58,85
62,서울,구의이스트폴,20:50,~22:48,2D ATMOS(자막),구의이스트폴DOLBY VISION+ATMOS,134,145
63,서울,구의이스트폴,21:30,~23:28,2D(자막),구의이스트폴르 리클라이너 7관[Laser],39,51
64,서울,구의이스트폴,22:00,~23:58,2D(자막),구의이스트폴MEGA | LED 3관,170,176
65,서울,구의이스트폴,22:40,~24:38,2D(자막),구의이스트폴르 리클라이너 2관[Laser],75,85
66,서울,구의이스트폴,23:10,~25:08,2D ATMOS(자막),구의이스트폴DOLBY VISION+ATMOS,141,145
67,서울,군자,09:20,~11:18,2D(자막),군자1관,142,155
68,서울,군자,10:10,~12:08,2D(자막),군자5관,140,155
69,서울,군자,10:55,~12:53,2D(자막),군자3관,141,155
70,서울,군자,11:40,~13:38,2D(자막),군자1관,135,155
71,서울,군자,12:30,~14:28,2D(더빙),군자5관,137,155
72,서울,군자,13:15,~15:13,2D(더빙),군자3관,129,155
73,서울,군자,14:00,~15:58,2D(자막),군자1관,126,155
74,서울,군자,14:50,~16:48,2D(자막),군자5관,138,155
75,서울,군자,15:35,~17:33,2D(자막),군자3관,134,155
76,서울,군자,16:20,~18:18,2D(자막),군자1관,120,155
77,서울,군자,17:10,~19:08,2D(자막),군자5관,141,155
78,서울,군자,17:55,~19:53,2D(자막),군자3관,139,155
79,서울,군자,18:40,~20:38,2D(자막),군자1관,143,155
80,서울,군자,19:30,~21:28,2D(자막),군자5관,145,155
81,서울,군자,20:15,~22:13,2D(자막),군자3관,143,155
82,서울,군자,21:00,~22:58,2D(자막),군자1관,141,155
83,서울,군자,21:50,~23:48,2D(자막),군자5관,145,155
84,서울,더부티크목동현대백화점,08:00,~09:58,2D(자막),더부티크목동현대백화점컴포트 101호 [Laser],149,154
85,서울,더부티크목동현대백화점,08:30,~10:28,2D(자막),더부티크목동현대백화점컴포트 103호 [Laser],132,138
86,서울,더부티크목동현대백화점,09:00,~10:58,2D(더빙),더부티크목동현대백화점컴포트 102호 [Laser],91,135
87,서울,더부티크목동현대백화점,09:30,~11:28,2D(자막),더부티크목동현대백화점컴포트 104호 [Laser],96,115
88,서울,더부티크목동현대백화점,10:20,~12:18,2D(자막),더부티크목동현대백화점컴포트 101호 [Laser],116,154
89,서울,더부티크목동현대백화점,10:50,~12:48,2D(자막),더부티크목동현대백화점컴포트 103호 [Laser],130,138
90,서울,더부티크목동현대백화점,11:20,~13:18,2D(더빙),더부티크목동현대백화점컴포트 102호 [Laser],51,135
91,서울,더부티크목동현대백화점,11:25,~13:23,2D(자막),더부티크목동현대백화점부티크 스위트 108호 [Laser],78,86
92,서울,더부티크목동현대백화점,11:50,~13:48,2D(자막),더부티크목동현대백화점컴포트 104호 [Laser],108,115
93,서울,더부티크목동현대백화점,12:10,~14:08,2D(더빙),더부티크목동현대백화점컴포트 105호 [Laser],85,96
94,서울,더부티크목동현대백화점,12:40,~14:38,2D(자막),더부티크목동현대백화점컴포트 101호 [Laser],98,154
95,서울,더부티크목동현대백화점,13:10,~15:08,2D(자막),더부티크목동현대백화점컴포트 103호 [Laser],106,138
96,서울,더부티크목동현대백화점,13:40,~15:38,2D(더빙),더부티크목동현대백화점컴포트 102호 [Laser],52,135
97,서울,더부티크목동현대백화점,13:45,~15:43,2D(자막),더부티크목동현대백화점부티크 스위트 108호 [Laser],78,86
98,서울,더부티크목동현대백화점,14:10,~16:08,2D(자막),더부티크목동현대백화점컴포트 104호 [Laser],61,115
99,서울,더부티크목동현대백화점,14:30,~16:28,2D(자막),더부티크목동현대백화점컴포트 105호 [Laser],96,96
100,서울,더부티크목동현대백화점,15:00,~16:58,2D(자막),더부티크목동현대백화점컴포트 101호 [Laser],69,154
101,서울,더부티크목동현대백화점,15:30,~17:28,2D(자막),더부티크목동현대백화점컴포트 103호 [Laser],72,138
102,서울,더부티크목동현대백화점,16:00,~17:58,2D(더빙),더부티크목동현대백화점컴포트 102호 [Laser],46,135
103,서울,더부티크목동현대백화점,16:05,~18:03,2D(자막),더부티크목동현대백화점부티크 스위트 108호 [Laser],68,86
104,서울,더부티크목동현대백화점,16:30,~18:28,2D(자막),더부티크목동현대백화점컴포트 104호 [Laser],75,115
105,서울,더부티크목동현대백화점,16:50,~18:48,2D(자막),더부티크목동현대백화점컴포트 105호 [Laser],84,96
106,서울,더부티크목동현대백화점,17:20,~19:18,2D(자막),더부티크목동현대백화점컴포트 101호 [Laser],96,154
107,서울,더부티크목동현대백화점,17:50,~19:48,2D(자막),더부티크목동현대백화점컴포트 103호 [Laser],117,138
108,서울,더부티크목동현대백화점,18:20,~20:18,2D(더빙),더부티크목동현대백화점컴포트 102호 [Laser],102,135
109,서울,더부티크목동현대백화점,18:25,~20:23,2D(자막),더부티크목동현대백화점부티크 스위트 108호 [Laser],74,86
110,서울,더부티크목동현대백화점,18:50,~20:48,2D(자막),더부티크목동현대백화점컴포트 104호 [Laser],86,115
111,서울,더부티크목동현대백화점,19:15,~21:13,2D(자막),더부티크목동현대백화점컴포트 105호 [Laser],90,96
112,서울,더부티크목동현대백화점,19:40,~21:38,2D(자막),더부티크목동현대백화점컴포트 101호 [Laser],95,154
113,서울,더부티크목동현대백화점,20:10,~22:08,2D(자막),더부티크목동현대백화점컴포트 103호 [Laser],116,138
114,서울,더부티크목동현대백화점,20:40,~22:38,2D(자막),더부티크목동현대백화점컴포트 102호 [Laser],127,135
115,서울,더부티크목동현대백화점,21:10,~23:08,2D(자막),더부티크목동현대백화점컴포트 104호 [Laser],106,115
116,서울,더부티크목동현대백화점,21:35,~23:33,2D(자막),더부티크목동현대백화점컴포트 105호 [Laser],96,96
117,서울,더부티크목동현대백화점,22:00,~23:58,2D(자막),더부티크목동현대백화점컴포트 101호 [Laser],154,154
118,서울,더부티크목동현대백화점,22:30,~24:28,2D(자막),더부티크목동현대백화점컴포트 103호 [Laser],126,138
119,서울,동대문,09:00,~10:58,2D(자막),동대문컴포트 7관(리클라이너 4K LASER),67,87
120,서울,동대문,09:30,~11:28,2D(자막),동대문컴포트 6관(리클라이너LASER),60,64
121,서울,동대문,10:00,~11:58,2D(자막),동대문컴포트 3관(리클라이너LASER),56,89
122,서울,동대문,11:20,~13:18,2D(자막),동대문컴포트 7관(리클라이너 4K LASER),62,87
123,서울,동대문,11:50,~13:48,2D(자막),동대문컴포트 6관(리클라이너LASER),62,64
124,서울,동대문,12:20,~14:18,2D(자막),동대문컴포트 3관(리클라이너LASER),65,89
125,서울,동대문,12:50,~14:48,2D(더빙),동대문컴포트 4관(리클라이너LASER),26,71
126,서울,동대문,13:40,~15:38,2D(자막),동대문컴포트 7관(리클라이너 4K LASER),41,87
127,서울,동대문,14:10,~16:08,2D(더빙),동대문컴포트 6관(리클라이너LASER),44,64
128,서울,동대문,14:40,~16:38,2D(자막),동대문컴포트 3관(리클라이너LASER),41,89
129,서울,동대문,15:10,~17:08,2D(더빙),동대문컴포트 4관(리클라이너LASER),27,71
130,서울,동대문,15:30,~17:28,2D(자막),동대문컴포트 2관(리클라이너LASER),45,72
131,서울,동대문,16:00,~17:58,2D(자막),동대문컴포트 7관(리클라이너 4K LASER),30,87
132,서울,동대문,16:30,~18:28,2D(더빙),동대문컴포트 6관(리클라이너LASER),50,64
133,서울,동대문,17:00,~18:58,2D(자막),동대문컴포트 3관(리클라이너LASER),48,89
134,서울,동대문,17:30,~19:28,2D(자막),동대문컴포트 4관(리클라이너LASER),66,71
135,서울,동대문,17:50,~19:48,2D(자막),동대문컴포트 2관(리클라이너LASER),66,72
136,서울,동대문,18:20,~20:18,2D(자막),동대문컴포트 7관(리클라이너 4K LASER),63,87
137,서울,동대문,18:50,~20:48,2D(자막),동대문컴포트 6관(리클라이너LASER),54,64
138,서울,동대문,19:20,~21:18,2D(자막),동대문컴포트 3관(리클라이너LASER),59,89
139,서울,동대문,19:50,~21:48,2D(자막),동대문컴포트 4관(리클라이너LASER),57,71
140,서울,동대문,20:40,~22:38,2D(자막),동대문컴포트 7관(리클라이너 4K LASER),67,87
141,서울,동대문,21:10,~23:08,2D(자막),동대문컴포트 6관(리클라이너LASER),61,64
142,서울,동대문,21:40,~23:38,2D(자막),동대문컴포트 3관(리클라이너LASER),86,89
143,서울,동대문,22:10,~24:08,2D(자막),동대문컴포트 4관(리클라이너LASER),69,71
144,서울,동대문,23:00,~24:58,2D(자막),동대문컴포트 7관(리클라이너 4K LASER),85,87
145,서울,마곡,09:25,~11:23,2D(자막),마곡5관 [Laser],147,153
146,서울,마곡,10:00,~11:58,2D(자막),마곡1관 [Laser],116,123
147,서울,마곡,10:40,~12:38,2D(자막),마곡3관 [Laser],118,132
148,서울,마곡,11:40,~13:38,2D(자막),마곡5관 [Laser],143,153
149,서울,마곡,12:15,~14:13,2D(더빙),마곡1관 [Laser],119,123
150,서울,마곡,12:55,~14:53,2D(자막),마곡3관 [Laser],115,132
151,서울,마곡,13:55,~15:53,2D(자막),마곡5관 [Laser],121,153
152,서울,마곡,14:30,~16:28,2D(더빙),마곡1관 [Laser],78,123
153,서울,마곡,15:10,~17:08,2D(자막),마곡3관 [Laser],115,132
154,서울,마곡,15:40,~17:38,2D(자막),마곡2관 [Laser],128,153
155,서울,마곡,16:10,~18:08,2D(자막),마곡5관 [Laser],141,153
156,서울,마곡,16:45,~18:43,2D(자막),마곡1관 [Laser],86,123
157,서울,마곡,17:25,~19:23,2D(자막),마곡3관 [Laser],126,132
158,서울,마곡,17:55,~19:53,2D(자막),마곡2관 [Laser],143,153
159,서울,마곡,18:25,~20:23,2D(자막),마곡5관 [Laser],148,153
160,서울,마곡,19:00,~20:58,2D(자막),마곡1관 [Laser],109,123
161,서울,마곡,19:40,~21:38,2D(자막),마곡3관 [Laser],118,132
162,서울,마곡,20:40,~22:38,2D(자막),마곡5관 [Laser],148,153
163,서울,마곡,21:15,~23:13,2D(자막),마곡1관 [Laser],121,123
164,서울,마곡,21:55,~23:53,2D(자막),마곡3관 [Laser],130,132
165,서울,마곡,22:55,~24:53,2D(자막),마곡5관 [Laser],151,153
166,서울,목동,07:45,~09:43,2D(자막),목동컴포트2관(소파석) [Laser],206,210
167,서울,목동,08:15,~10:13,2D(자막),목동8관 [Laser],187,190
168,서울,목동,08:50,~10:48,2D(자막),목동9관 [Laser],112,114
169,서울,목동,09:00,~10:58,2D(더빙),목동4관 [Laser],175,190
170,서울,목동,09:25,~11:23,2D(자막),목동7관 [Laser],156,158
171,서울,목동,10:00,~11:58,2D(자막),목동컴포트2관(소파석) [Laser],157,210
172,서울,목동,10:20,~12:18,2D(더빙),목동3관 [Laser],96,114
173,서울,목동,10:30,~12:28,2D(자막),목동8관 [Laser],182,190
174,서울,목동,11:15,~13:13,2D(더빙),목동4관 [Laser],172,190
175,서울,목동,11:40,~13:38,2D(자막),목동7관 [Laser],154,158
176,서울,목동,12:15,~14:13,2D(자막),목동컴포트2관(소파석) [Laser],168,210
177,서울,목동,12:35,~14:33,2D(더빙),목동3관 [Laser],104,114
178,서울,목동,12:45,~14:43,2D(자막),목동8관 [Laser],181,190
179,서울,목동,13:15,~15:13,2D(자막),목동9관 [Laser],88,114
180,서울,목동,13:30,~15:28,2D(더빙),목동4관 [Laser],118,190
181,서울,목동,14:30,~16:28,2D(자막),목동컴포트2관(소파석) [Laser],94,210
182,서울,목동,15:00,~16:58,2D(자막),목동컴포트5관(SideWall) [Laser],62,66
183,서울,목동,15:30,~17:28,2D(자막),목동9관 [Laser],91,114
184,서울,목동,15:45,~17:43,2D(더빙),목동4관 [Laser],105,190
185,서울,목동,16:00,~17:58,2D ATMOS(자막),목동DOLBY VISION+ATMOS,251,318
186,서울,목동,16:35,~18:33,2D(더빙),목동7관 [Laser],132,158
187,서울,목동,16:45,~18:43,2D(자막),목동컴포트2관(소파석) [Laser],135,210
188,서울,목동,17:15,~19:13,2D(자막),목동컴포트 6관(소파석) [Laser],183,210
189,서울,목동,17:50,~19:48,2D(자막),목동9관 [Laser],112,114
190,서울,목동,18:20,~20:18,2D(자막),목동4관 [Laser],188,190
191,서울,목동,18:50,~20:48,2D(더빙),목동7관 [Laser],153,158
192,서울,목동,19:00,~20:58,2D(자막),목동컴포트2관(소파석) [Laser],158,210
193,서울,목동,19:30,~21:28,2D(자막),목동컴포트 6관(소파석) [Laser],187,210
194,서울,목동,20:00,~21:58,2D(자막),목동8관 [Laser],184,190
195,서울,목동,20:40,~22:38,2D(자막),목동4관 [Laser],188,190
196,서울,목동,21:15,~23:13,2D(자막),목동컴포트2관(소파석) [Laser],190,210
197,서울,목동,21:45,~23:43,2D(자막),목동컴포트 6관(소파석) [Laser],207,210
198,서울,목동,22:20,~24:18,2D(자막),목동8관 [Laser],190,190
199,서울,목동,23:00,~24:58,2D(자막),목동4관 [Laser],190,190
200,서울,목동,23:30,~25:28,2D(자막),목동컴포트2관(소파석) [Laser],200,210
201,서울,목동,24:00,~25:58,2D(자막),목동컴포트 6관(소파석) [Laser],208,210
202,서울,상봉,09:00,~10:58,2D(자막),상봉5관 (8층),143,148
203,서울,상봉,09:35,~11:33,2D(자막),상봉컴포트2관 (6층),120,121
204,서울,상봉,10:05,~12:03,2D(자막),상봉7관 (8층),152,154
205,서울,상봉,10:40,~12:38,2D(자막),상봉1관 (4층),151,155
206,서울,상봉,11:15,~13:13,2D(더빙),상봉5관 (8층),128,148
207,서울,상봉,11:50,~13:48,2D(자막),상봉컴포트2관 (6층),119,121
208,서울,상봉,12:20,~14:18,2D(자막),상봉7관 (8층),148,154
209,서울,상봉,12:55,~14:53,2D(자막),상봉1관 (4층),146,155
210,서울,상봉,13:30,~15:28,2D(더빙),상봉5관 (8층),140,148
211,서울,상봉,14:05,~16:03,2D(자막),상봉컴포트2관 (6층),117,121
212,서울,상봉,14:15,~16:13,2D(더빙),상봉4관 (6층),149,154
213,서울,상봉,14:35,~16:33,2D(자막),상봉7관 (8층),141,154
214,서울,상봉,15:10,~17:08,2D(더빙),상봉1관 (4층),140,155
215,서울,상봉,15:45,~17:43,2D(자막),상봉5관 (8층),126,148
216,서울,상봉,16:20,~18:18,2D(자막),상봉컴포트2관 (6층),117,121
217,서울,상봉,16:40,~18:38,2D(더빙),상봉3관 (6층),94,96
218,서울,상봉,16:50,~18:48,2D(자막),상봉7관 (8층),143,154
219,서울,상봉,17:25,~19:23,2D(더빙),상봉1관 (4층),147,155
220,서울,상봉,18:00,~19:58,2D(자막),상봉5관 (8층),139,148
221,서울,상봉,18:35,~20:33,2D(자막),상봉컴포트2관 (6층),114,121
222,서울,상봉,18:55,~20:53,2D(더빙),상봉3관 (6층),95,96
223,서울,상봉,19:05,~21:03,2D(자막),상봉7관 (8층),154,154
224,서울,상봉,19:40,~21:38,2D(자막),상봉1관 (4층),149,155
225,서울,상봉,20:15,~22:13,2D(자막),상봉5관 (8층),146,148
226,서울,상봉,20:50,~22:48,2D(자막),상봉컴포트2관 (6층),120,121
227,서울,상봉,21:20,~23:18,2D(자막),상봉7관 (8층),150,154
228,서울,상봉,21:55,~23:53,2D(자막),상봉1관 (4층),155,155
229,서울,상봉,22:30,~24:28,2D(자막),상봉5관 (8층),148,148
230,서울,상암월드컵경기장,08:40,~10:38,2D ATMOS(자막),상암월드컵경기장DOLBY ATMOS관 [Laser],328,342
231,서울,상암월드컵경기장,09:00,~10:58,2D(더빙),상암월드컵경기장9관 [Laser],89,97
232,서울,상암월드컵경기장,09:10,~11:08,2D(자막),상암월드컵경기장컴포트 1관 [Laser],178,202
233,서울,상암월드컵경기장,09:40,~11:38,2D(자막),상암월드컵경기장3관 [Laser],289,305
234,서울,상암월드컵경기장,10:30,~12:28,2D(더빙),상암월드컵경기장5관 [Laser],58,86
235,서울,상암월드컵경기장,10:50,~12:48,2D(자막),상암월드컵경기장6관 [Laser],88,97
236,서울,상암월드컵경기장,10:55,~12:53,2D ATMOS(더빙),상암월드컵경기장DOLBY ATMOS관 [Laser],309,342
237,서울,상암월드컵경기장,11:25,~13:23,2D(자막),상암월드컵경기장컴포트 1관 [Laser],165,202
238,서울,상암월드컵경기장,12:00,~13:58,2D(자막),상암월드컵경기장3관 [Laser],302,305
239,서울,상암월드컵경기장,12:35,~14:33,2D(자막),상암월드컵경기장4관 [Laser],208,217
240,서울,상암월드컵경기장,12:45,~14:43,2D(더빙),상암월드컵경기장5관 [Laser],65,86
241,서울,상암월드컵경기장,13:10,~15:08,2D(더빙),상암월드컵경기장6관 [Laser],92,97
242,서울,상암월드컵경기장,13:10,~15:08,2D ATMOS(자막),상암월드컵경기장DOLBY ATMOS관 [Laser],307,342
243,서울,상암월드컵경기장,13:40,~15:38,2D(더빙),상암월드컵경기장컴포트 1관 [Laser],118,202
244,서울,상암월드컵경기장,13:45,~15:43,2D(자막),상암월드컵경기장9관 [Laser],95,97
245,서울,상암월드컵경기장,14:20,~16:18,2D(자막),상암월드컵경기장3관 [Laser],245,305
246,서울,상암월드컵경기장,15:00,~16:58,2D(더빙),상암월드컵경기장4관 [Laser],175,217
247,서울,상암월드컵경기장,15:30,~17:28,2D(더빙),상암월드컵경기장6관 [Laser],94,97
248,서울,상암월드컵경기장,16:05,~18:03,2D(자막),상암월드컵경기장9관 [Laser],85,97
249,서울,상암월드컵경기장,16:30,~18:28,2D(더빙),상암월드컵경기장5관 [Laser],59,86
250,서울,상암월드컵경기장,16:40,~18:38,2D(자막),상암월드컵경기장3관 [Laser],272,305
251,서울,상암월드컵경기장,17:20,~19:18,2D(더빙),상암월드컵경기장4관 [Laser],183,217
252,서울,상암월드컵경기장,17:50,~19:48,2D(자막),상암월드컵경기장6관 [Laser],96,97
253,서울,상암월드컵경기장,18:10,~20:08,2D(자막),상암월드컵경기장컴포트 1관 [Laser],148,202
254,서울,상암월드컵경기장,19:00,~20:58,2D(자막),상암월드컵경기장3관 [Laser],279,305
255,서울,상암월드컵경기장,19:40,~21:38,2D(자막),상암월드컵경기장4관 [Laser],206,217
256,서울,상암월드컵경기장,20:25,~22:23,2D(자막),상암월드컵경기장컴포트 1관 [Laser],169,202
257,서울,상암월드컵경기장,20:55,~22:53,2D ATMOS(자막),상암월드컵경기장DOLBY ATMOS관 [Laser],322,342
258,서울,상암월드컵경기장,21:30,~23:28,2D(자막),상암월드컵경기장3관 [Laser],301,305
259,서울,상암월드컵경기장,22:40,~24:38,2D(자막),상암월드컵경기장컴포트 1관 [Laser],196,202
260,서울,상암월드컵경기장,23:10,~25:08,2D ATMOS(자막),상암월드컵경기장DOLBY ATMOS관 [Laser],340,342
261,서울,센트럴,09:00,~10:58,2D(자막),센트럴부티크 103호 [Laser],146,175
262,서울,센트럴,09:50,~11:48,2D(자막),센트럴부티크 102호 [Laser],131,159
263,서울,센트럴,10:20,~12:18,2D(자막),센트럴부티크 104호 [Laser],97,136
264,서울,센트럴,11:15,~13:13,2D(자막),센트럴부티크 103호 [Laser],156,175
265,서울,센트럴,12:05,~14:03,2D(더빙),센트럴부티크 102호 [Laser],127,159
266,서울,센트럴,12:40,~14:38,2D(자막),센트럴부티크 104호 [Laser],74,136
267,서울,센트럴,13:35,~15:33,2D(자막),센트럴부티크 103호 [Laser],105,175
268,서울,센트럴,14:20,~16:18,2D(자막),센트럴부티크 102호 [Laser],65,159
269,서울,센트럴,14:50,~16:48,2D(더빙),센트럴부티크 105호 [Laser],43,118
270,서울,센트럴,15:00,~16:58,2D(자막),센트럴부티크 104호 [Laser],29,136
271,서울,센트럴,16:05,~18:03,2D(자막),센트럴부티크 101호 [Laser],38,92
272,서울,센트럴,16:40,~18:38,2D(자막),센트럴부티크 102호 [Laser],68,159
273,서울,센트럴,17:05,~19:03,2D(더빙),센트럴부티크 105호 [Laser],81,118
274,서울,센트럴,17:20,~19:18,2D(자막),센트럴부티크 104호 [Laser],62,136
275,서울,센트럴,18:20,~20:18,2D(자막),센트럴부티크 103호 [Laser],127,175
276,서울,센트럴,19:00,~20:58,2D(자막),센트럴부티크 102호 [Laser],88,159
277,서울,센트럴,19:40,~21:38,2D(자막),센트럴부티크 104호 [Laser],59,136
278,서울,센트럴,20:40,~22:38,2D(자막),센트럴부티크 103호 [Laser],140,175
279,서울,센트럴,21:20,~23:18,2D(자막),센트럴부티크 102호 [Laser],148,159
280,서울,센트럴,22:00,~23:58,2D(자막),센트럴부티크 104호 [Laser],124,136
281,서울,송파파크하비오,09:10,~11:08,2D(자막),송파파크하비오6관,113,116
282,서울,송파파크하비오,09:40,~11:38,2D(더빙),송파파크하비오8관,115,126
283,서울,송파파크하비오,10:00,~11:58,2D(자막),송파파크하비오1관,226,246
284,서울,송파파크하비오,10:40,~12:38,2D(더빙),송파파크하비오7관,37,46
285,서울,송파파크하비오,10:50,~12:48,2D(자막),송파파크하비오5관,99,105
286,서울,송파파크하비오,11:30,~13:28,2D(자막),송파파크하비오6관,100,116
287,서울,송파파크하비오,12:00,~13:58,2D(더빙),송파파크하비오8관,86,126
288,서울,송파파크하비오,12:20,~14:18,2D(자막),송파파크하비오1관,232,246
289,서울,송파파크하비오,13:10,~15:08,2D(자막),송파파크하비오5관,96,105
290,서울,송파파크하비오,13:20,~15:18,2D(더빙),송파파크하비오2관,33,67
291,서울,송파파크하비오,13:50,~15:48,2D(자막),송파파크하비오6관,76,116
292,서울,송파파크하비오,14:20,~16:18,2D(더빙),송파파크하비오8관,78,126
293,서울,송파파크하비오,14:40,~16:38,2D(자막),송파파크하비오1관,182,246
294,서울,송파파크하비오,15:30,~17:28,2D(자막),송파파크하비오5관,90,105
295,서울,송파파크하비오,15:40,~17:38,2D(더빙),송파파크하비오2관,54,67
296,서울,송파파크하비오,16:10,~18:08,2D(자막),송파파크하비오6관,65,116
297,서울,송파파크하비오,16:40,~18:38,2D(더빙),송파파크하비오8관,95,126
298,서울,송파파크하비오,17:00,~18:58,2D(자막),송파파크하비오1관,234,246
299,서울,송파파크하비오,17:40,~19:38,2D(더빙),송파파크하비오9관,111,124
300,서울,송파파크하비오,17:50,~19:48,2D(자막),송파파크하비오5관,99,105
301,서울,송파파크하비오,18:30,~20:28,2D(자막),송파파크하비오6관,96,116
302,서울,송파파크하비오,19:20,~21:18,2D(자막),송파파크하비오1관,227,246
303,서울,송파파크하비오,20:10,~22:08,2D(자막),송파파크하비오5관,97,105
304,서울,송파파크하비오,20:50,~22:48,2D(자막),송파파크하비오6관,102,116
305,서울,송파파크하비오,21:40,~23:38,2D(자막),송파파크하비오1관,246,246
306,서울,신촌,10:20,~12:18,2D(자막),신촌컴포트 1관,371,400
307,서울,신촌,11:45,~13:43,2D(자막),신촌6관,190,190
308,서울,신촌,12:35,~14:33,2D(자막),신촌컴포트 1관,379,400
309,서울,신촌,13:20,~15:18,2D(자막),신촌2관,193,218
310,서울,신촌,14:05,~16:03,2D(더빙),신촌6관,129,190
311,서울,신촌,14:50,~16:48,2D(자막),신촌컴포트 1관,338,400
312,서울,신촌,15:35,~17:33,2D(자막),신촌2관,198,218
313,서울,신촌,16:20,~18:18,2D(자막),신촌6관,171,190
314,서울,신촌,17:05,~19:03,2D(자막),신촌컴포트 1관,365,400
315,서울,신촌,17:55,~19:53,2D(자막),신촌2관,214,218
316,서울,신촌,18:40,~20:38,2D(자막),신촌6관,176,190
317,서울,신촌,19:20,~21:18,2D(자막),신촌컴포트 1관,371,400
318,서울,신촌,20:15,~22:13,2D(자막),신촌2관,216,218
319,서울,신촌,21:00,~22:58,2D(자막),신촌6관,188,190
320,서울,신촌,21:40,~23:38,2D(자막),신촌컴포트 1관,386,400
321,서울,이수,08:50,~10:48,2D(자막),이수2관(8층),181,198
322,서울,이수,09:25,~11:23,2D(더빙),이수1관(8층),98,123
323,서울,이수,09:55,~11:53,2D(자막),이수3관(8층),94,123
324,서울,이수,10:30,~12:28,2D(자막),이수5관(10층),180,198
325,서울,이수,11:05,~13:03,2D(자막),이수2관(8층),180,198
326,서울,이수,11:40,~13:38,2D(더빙),이수1관(8층),70,123
327,서울,이수,12:10,~14:08,2D(자막),이수3관(8층),110,123
328,서울,이수,12:45,~14:43,2D(자막),이수5관(10층),184,198
329,서울,이수,13:20,~15:18,2D(자막),이수2관(8층),135,198
330,서울,이수,13:55,~15:53,2D(더빙),이수1관(8층),61,123
331,서울,이수,14:25,~16:23,2D(자막),이수3관(8층),75,123
332,서울,이수,15:00,~16:58,2D(자막),이수5관(10층),138,198
333,서울,이수,15:35,~17:33,2D(자막),이수2관(8층),113,198
334,서울,이수,16:10,~18:08,2D(더빙),이수1관(8층),74,123
335,서울,이수,16:40,~18:38,2D(자막),이수3관(8층),74,123
336,서울,이수,17:15,~19:13,2D(자막),이수5관(10층),186,198
337,서울,이수,17:50,~19:48,2D(자막),이수2관(8층),175,198
338,서울,이수,18:25,~20:23,2D(자막),이수1관(8층),106,123
339,서울,이수,18:55,~20:53,2D(자막),이수3관(8층),110,123
340,서울,이수,19:30,~21:28,2D(자막),이수5관(10층),174,198
341,서울,이수,20:05,~22:03,2D(자막),이수2관(8층),181,198
342,서울,이수,20:40,~22:38,2D(자막),이수1관(8층),115,123
343,서울,이수,21:10,~23:08,2D(자막),이수3관(8층),111,123
344,서울,이수,21:45,~23:43,2D(자막),이수5관(10층),194,198
345,서울,이수,22:20,~24:18,2D(자막),이수2관(8층),197,198
346,서울,이수,22:55,~24:53,2D(자막),이수1관(8층),119,123
347,서울,창동,09:40,~11:38,2D(자막),창동1관,120,136
348,서울,창동,10:50,~12:48,2D(자막),창동4관,128,136
349,서울,창동,11:50,~13:48,2D(더빙),창동3관,132,136
350,서울,창동,12:00,~13:58,2D(자막),창동1관,133,136
351,서울,창동,12:35,~14:33,2D(더빙),창동5관,82,136
352,서울,창동,13:10,~15:08,2D(자막),창동4관,124,136
353,서울,창동,14:10,~16:08,2D(더빙),창동3관,128,136
354,서울,창동,14:20,~16:18,2D(자막),창동1관,127,136
355,서울,창동,15:30,~17:28,2D(자막),창동4관,132,136
356,서울,창동,16:40,~18:38,2D(자막),창동1관,128,136
357,서울,창동,17:50,~19:48,2D(자막),창동4관,132,136
358,서울,창동,19:00,~20:58,2D(자막),창동1관,133,136
359,서울,창동,20:10,~22:08,2D(자막),창동4관,136,136
360,서울,창동,21:20,~23:18,2D(자막),창동1관,134,136
361,서울,코엑스,07:30,~09:28,2D(자막),코엑스Cass스타디움관(MEGA | LED2관),410,431
362,서울,코엑스,08:05,~10:03,2D(자막),코엑스MEGA | LED 3관,369,399
363,서울,코엑스,08:35,~10:33,2D(자막),코엑스부티크 스위트 102호 [Laser],36,36
364,서울,코엑스,09:05,~11:03,2D(자막),코엑스MEGA | LED 4관,265,298
365,서울,코엑스,09:35,~11:33,2D(자막),코엑스부티크 스위트 103호 [Laser],36,36
366,서울,코엑스,09:50,~11:48,2D(자막),코엑스Cass스타디움관(MEGA | LED2관),269,431
367,서울,코엑스,10:25,~12:23,2D(자막),코엑스MEGA | LED 3관,311,399
368,서울,코엑스,10:50,~12:48,2D MX4D(자막),코엑스MEGA | MX4D관,155,192
369,서울,코엑스,11:00,~12:58,2D(자막),코엑스부티크 스위트 102호 [Laser],34,36
370,서울,코엑스,11:20,~13:18,2D(자막),코엑스르 리클라이너 5관(마이어사운드),101,156
371,서울,코엑스,11:40,~13:38,2D(자막),코엑스부티크 스위트 101호 [Laser],34,36
372,서울,코엑스,12:10,~14:08,2D(자막),코엑스Cass스타디움관(MEGA | LED2관),167,431
373,서울,코엑스,12:35,~14:33,2D(자막),코엑스르 리클라이너 7관(마이어사운드),76,152
374,서울,코엑스,12:45,~14:43,디지털영문자막,코엑스부티크 스위트 105호 [Laser],30,36
375,서울,코엑스,13:25,~15:23,2D(자막),코엑스부티크 스위트 102호 [Laser],24,36
376,서울,코엑스,13:50,~15:48,2D ATMOS(자막),코엑스DOLBY CINEMA [Laser],176,378
377,서울,코엑스,14:05,~16:03,디지털영문자막,코엑스르 리클라이너 8관(마이어사운드),121,134
378,서울,코엑스,14:05,~16:03,2D(자막),코엑스부티크 스위트 101호 [Laser],30,36
379,서울,코엑스,14:30,~16:28,2D(자막),코엑스Cass스타디움관(MEGA | LED2관),51,431
380,서울,코엑스,14:45,~16:43,2D(자막),코엑스부티크 스위트 104호 [Laser],18,36
381,서울,코엑스,15:00,~16:58,2D(자막),코엑스르 리클라이너 7관(마이어사운드),31,152
382,서울,코엑스,15:15,~17:13,디지털영문자막,코엑스디즈니시네마 11관(르 리클라이너),55,86
383,서울,코엑스,15:35,~17:33,2D(자막),코엑스MEGA | LED 3관,96,399
384,서울,코엑스,15:50,~17:48,2D(자막),코엑스부티크 스위트 102호 [Laser],30,36
385,서울,코엑스,16:15,~18:13,2D ATMOS(자막),코엑스DOLBY CINEMA [Laser],175,378
386,서울,코엑스,16:30,~18:28,2D(자막),코엑스부티크 스위트 101호 [Laser],30,36
387,서울,코엑스,16:50,~18:48,2D(자막),코엑스Cass스타디움관(MEGA | LED2관),84,431
388,서울,코엑스,17:10,~19:08,2D(자막),코엑스부티크 스위트 104호 [Laser],22,36
389,서울,코엑스,17:25,~19:23,2D(자막),코엑스르 리클라이너 7관(마이어사운드),47,152
390,서울,코엑스,17:30,~19:28,2D MX4D(자막),코엑스MEGA | MX4D관,135,192
391,서울,코엑스,17:55,~19:53,2D(자막),코엑스MEGA | LED 3관,199,399
392,서울,코엑스,18:15,~20:13,2D(자막),코엑스부티크 스위트 102호 [Laser],27,36
393,서울,코엑스,18:40,~20:38,2D ATMOS(자막),코엑스DOLBY CINEMA [Laser],239,378
394,서울,코엑스,18:55,~20:53,2D(자막),코엑스부티크 스위트 101호 [Laser],34,36
395,서울,코엑스,19:10,~21:08,2D(자막),코엑스Cass스타디움관(MEGA | LED2관),146,431
396,서울,코엑스,19:20,~21:18,2D(자막),코엑스디즈니시네마 11관(르 리클라이너),43,86
397,서울,코엑스,19:35,~21:33,2D(자막),코엑스부티크 스위트 104호 [Laser],34,36
398,서울,코엑스,19:50,~21:48,2D(자막),코엑스르 리클라이너 7관(마이어사운드),63,152
399,서울,코엑스,20:20,~22:18,2D(자막),코엑스MEGA | LED 3관,239,399
400,서울,코엑스,20:40,~22:38,2D(자막),코엑스부티크 스위트 102호 [Laser],27,36
401,서울,코엑스,21:05,~23:03,2D(자막),코엑스르 리클라이너 8관(마이어사운드),113,134
402,서울,코엑스,21:20,~23:18,2D(자막),코엑스부티크 스위트 101호 [Laser],34,36
403,서울,코엑스,21:30,~23:28,2D(자막),코엑스Cass스타디움관(MEGA | LED2관),296,431
404,서울,코엑스,21:45,~23:43,2D(자막),코엑스디즈니시네마 11관(르 리클라이너),85,86
405,서울,코엑스,22:00,~23:58,2D(자막),코엑스부티크 스위트 104호 [Laser],36,36
406,서울,코엑스,22:15,~24:13,2D(자막),코엑스르 리클라이너 7관(마이어사운드),148,152
407,서울,코엑스,22:45,~24:43,2D(자막),코엑스MEGA | LED 3관,392,399
408,서울,코엑스,23:05,~25:03,2D(자막),코엑스부티크 스위트 102호 [Laser],36,36
409,서울,코엑스,23:30,~25:28,2D(자막),코엑스르 리클라이너 8관(마이어사운드),134,134
410,서울,코엑스,23:50,~25:48,2D(자막),코엑스Cass스타디움관(MEGA | LED2관),422,431
411,서울,코엑스,24:25,~26:23,2D(자막),코엑스부티크 스위트 104호 [Laser],36,36
412,서울,코엑스,24:40,~26:38,2D(자막),코엑스르 리클라이너 7관(마이어사운드),152,152
413,서울,홍대,09:30,~11:28,2D(자막),홍대11층 4관 [Laser],156,170
414,서울,홍대,11:05,~13:03,2D(자막),홍대11층 5관 [Laser],106,113
415,서울,홍대,11:45,~13:43,2D(자막),홍대11층 4관 [Laser],138,170
416,서울,홍대,12:40,~14:38,2D(자막),홍대9층 2관 [Laser],128,170
417,서울,홍대,13:25,~15:23,2D(자막),홍대11층 5관 [Laser],72,113
418,서울,홍대,14:00,~15:58,2D(자막),홍대11층 4관 [Laser],57,170
419,서울,홍대,15:00,~16:58,2D(자막),홍대9층 2관 [Laser],53,170
420,서울,홍대,16:15,~18:13,2D(자막),홍대11층 4관 [Laser],43,170
421,서울,홍대,17:20,~19:18,2D(자막),홍대9층 2관 [Laser],99,170
422,서울,홍대,18:30,~20:28,2D(자막),홍대11층 4관 [Laser],110,170
423,서울,홍대,19:40,~21:38,2D(자막),홍대9층 2관 [Laser],140,170
424,서울,홍대,20:45,~22:43,2D(자막),홍대11층 4관 [Laser],146,170
425,서울,홍대,22:00,~23:58,2D(자막),홍대9층 2관 [Laser],168,170
426,서울,홍대,23:00,~24:58,2D(자막),홍대11층 4관 [Laser],168,170
427,서울,화곡,09:00,~10:58,2D(자막),화곡컴포트3관(리클라이너),69,82
428,서울,화곡,09:25,~11:23,2D(더빙),화곡컴포트2관 (리클라이너),58,80
429,서울,화곡,10:05,~12:03,2D(자막),화곡컴포트5관 (리클라이너),60,80
430,서울,화곡,11:15,~13:13,2D(자막),화곡컴포트3관(리클라이너),60,82
431,서울,화곡,11:40,~13:38,2D(더빙),화곡컴포트2관 (리클라이너),51,80
432,서울,화곡,12:20,~14:18,2D(자막),화곡컴포트5관 (리클라이너),55,80
433,서울,화곡,12:55,~14:53,2D(더빙),화곡컴포트1관(리클라이너),73,82
434,서울,화곡,13:30,~15:28,2D(자막),화곡컴포트3관(리클라이너),55,82
435,서울,화곡,13:55,~15:53,2D(더빙),화곡컴포트2관 (리클라이너),41,80
436,서울,화곡,14:35,~16:33,2D(자막),화곡컴포트5관 (리클라이너),49,80
437,서울,화곡,14:55,~16:53,2D(더빙),화곡컴포트4관(리클라이너),37,41
438,서울,화곡,15:10,~17:08,2D(자막),화곡컴포트1관(리클라이너),67,82
439,서울,화곡,15:45,~17:43,2D(자막),화곡컴포트3관(리클라이너),47,82
440,서울,화곡,16:10,~18:08,2D(더빙),화곡컴포트2관 (리클라이너),72,80
441,서울,화곡,16:50,~18:48,2D(자막),화곡컴포트5관 (리클라이너),48,80
442,서울,화곡,17:10,~19:08,2D(더빙),화곡컴포트4관(리클라이너),36,41
443,서울,화곡,17:25,~19:23,2D(자막),화곡컴포트1관(리클라이너),74,82
444,서울,화곡,18:00,~19:58,2D(자막),화곡컴포트3관(리클라이너),61,82
445,서울,화곡,19:05,~21:03,2D(자막),화곡컴포트5관 (리클라이너),55,80
446,서울,화곡,19:40,~21:38,2D(자막),화곡컴포트1관(리클라이너),73,82
447,서울,화곡,20:15,~22:13,2D(자막),화곡컴포트3관(리클라이너),68,82
448,서울,화곡,21:20,~23:18,2D(자막),화곡컴포트5관 (리클라이너),66,80
449,서울,화곡,22:30,~24:28,2D(자막),화곡컴포트3관(리클라이너),74,82
450,서울,화곡,23:35,~25:33,2D(자막),화곡컴포트5관 (리클라이너),76,80
